domain,ticker,filename,status,note
01_copper_physical,LMEXCA Index,LME_Copper_Stocks_Total_kt,OK,
01_copper_physical,LFCA Index,LME_Copper_CancelledWarrants_kt,OK,
01_copper_physical,LICA Index,LME_Copper_OnWarrant_kt,OK,
01_copper_physical,SFCTCOPW Index,SHFE_Copper_Stocks_kt,OK,
02_demand_growth,BDIY Index,Baltic_Dry_Index,OK,
02_demand_growth,SPX Index,SP500,OK,
02_demand_growth,MXEF Index,MSCI_EM_Equity_Index,OK,
02_demand_growth,SHSZ300 Index,China_CSI300_Equity,OK,
02_demand_growth,CHVAIOY Index,China_IndProd_YoY,OK,
02_demand_growth,CPMINDX Index,China_PMI_Mfg_Caixin,OK,
02_demand_growth,CNFAYOY Index,China_FixedAssetInvest_YoY,OK,
02_demand_growth,NAPMPMI Index,US_ISM_Manufacturing_PMI,OK,
02_demand_growth,NHSPSTOT Index,US_Housing_Starts_Total,OK,
02_demand_growth,MPMIGLMA Index,JPM_Global_PMI_Manufacturing,OK,
02_demand_growth,EUIPFRYY Index,Eurozone_IndProd_YoY,OK,
03_currencies,DXY Curncy,USD_Index_DXY,OK,
03_currencies,USDCNY Curncy,USDCNY_China,OK,
03_currencies,EURUSD Curncy,EURUSD,OK,
03_currencies,USDJPY Curncy,USDJPY_Japan,OK,
03_currencies,USDCLP Curncy,USDCLP_Chile,OK,
03_currencies,USDPEN Curncy,USDPEN_Peru,OK,
03_currencies,AUDUSD Curncy,AUDUSD_Australia,OK,
03_currencies,USDZAR Curncy,USDZAR_SouthAfrica,OK,
03_currencies,USDBRL Curncy,USDBRL_Brazil,OK,
03_currencies,USDMXN Curncy,USDMXN_Mexico,OK,
03_currencies,USDRUB Curncy,USDRUB_Russia,OK,
03_currencies,USDIDR Curncy,USDIDR_Indonesia,OK,
03_currencies,USDKZT Curncy,USDKZT_Kazakhstan,OK,
03_currencies,USDZMW Curncy,USDZMW_Zambia,OK,
03_currencies,USDCDF Curncy,USDCDF_DRC,OK,
04_monetary_rates,FDTR Index,US_FedFunds_Target_Rate,OK,
04_monetary_rates,USGG10YR Index,US_10Y_Treasury_Yield,OK,
04_monetary_rates,USGGBE10 Index,US_10Y_Breakeven_Inflation,OK,
04_monetary_rates,SOFRRATE Index,SOFR_Overnight,OK,
04_monetary_rates,CNMS2YOY Index,China_M2_YoY,OK,
04_monetary_rates,M2 Index,US_M2_Level,OK,
04_monetary_rates,ECMSM2Y Index,EU_M2_YoY,OK,
04_monetary_rates,SHIFON Index,China_7D_SHIBOR,OK,
04_monetary_rates,CPI Index,US_CPI_Level,OK,
04_monetary_rates,CNCPIYOY Index,China_CPI_YoY,OK,
05_cross_commodity,CL1 Comdty,WTI_Crude_Front,OK,
05_cross_commodity,CO1 Comdty,Brent_Crude_Front,OK,
05_cross_commodity,NG1 Comdty,NatGas_HenryHub_Front,OK,
05_cross_commodity,XW1 Comdty,Coal_Newcastle_Front,OK,
05_cross_commodity,SPGSCI Index,GSCI_Commodity_Index,OK,
05_cross_commodity,BCOM Index,Bloomberg_Commodity_Index,OK,
05_cross_commodity,LMAHDS03 Comdty,LME_Aluminum_3M,OK,
05_cross_commodity,LMZSDS03 Comdty,LME_Zinc_3M,OK,
05_cross_commodity,LMNIDS03 Comdty,LME_Nickel_3M,OK,
05_cross_commodity,XAUUSD Curncy,Gold_Spot_USD,OK,
06_financial_sentiment,VIX Index,VIX_CBOE_Volatility,OK,
06_financial_sentiment,MOVE Index,MOVE_BondVolatility,OK,
06_financial_sentiment,CEI1CNCN Index,COMEX_Copper_Net_NonCommercial_Longs,OK,
07_trade_flows,CURIEQTL Index,China_Copper_Exports_Total,OK,
07_trade_flows,CMINCOPR Index,China_Copper_Imports_Total,OK,
07_trade_flows,CNIVCOPP Index,China_Copper_Imports_Unwrought,OK,
07_trade_flows,CNIVCORE Index,China_Copper_Imports_OreConcentrate,OK,
07_trade_flows,CECN0002 Index,China_Yangshan Copper Cathodes premium warrant against LME spot,OK,
07_trade_flows,CECN0001 Index,China_Yangshan Copper Cathodes premium BL against LME spot,OK,
07_trade_flows,N/A,Yangshan_Premium,SKIP,No Bloomberg ticker confirmed
08_geopolitical_risk,https://www.matteoiacoviello.com/gpr_files/gpr_web.csv,GPR_Geopolitical_Risk_Index,FAIL,404 Client Error: Not Found for url: https://www.matteoiacoviello.com/gpr_files/gpr_web.csv
08_geopolitical_risk,https://www.policyuncertainty.com/media/Global_Policy_Uncertainty_Data.xlsx,EPU_Global_Policy_Uncertainty,FAIL,"""['Date'] not in index"""
08_geopolitical_risk,https://www.policyuncertainty.com/media/US_Policy_Uncertainty_Data.xlsx,EPU_United_States,FAIL,"""['Date'] not in index"""
09_energy_transition,ICLN US Equity,iShares_Global_CleanEnergy_ETF,OK,
09_energy_transition,TAN US Equity,Invesco_Solar_ETF,OK,
09_energy_transition,QCLN US Equity,FirstTrust_CleanEdge_ETF,OK,
09_energy_transition,METFLI Index,Lithium_Price,OK,
09_energy_transition,CNVSNSTL Index,China_NEV_Sales_Monthly,OK,
09_energy_transition,COBALTMP Index,Cobalt_Metal_Price,FAIL,[]
10_country_producers,CLGDQSA Index,Chile_GDP_QoQ_SA,OK,
10_country_producers,PRGDPYOY Index,Peru_GDP_YoY,OK,
10_country_producers,CNGDPYOY Index,China_GDP_YoY,OK,
10_country_producers,AUNAGDPY Index,Australia_GDP_YoY,OK,
10_country_producers,RUDPRQOQ Index,Russia_GDP_QoQ,OK,
10_country_producers,ZMGDPYOY Index,Zambia_GDP_YoY,OK,
10_country_producers,MXGPQTR Index,Mexico_GDP_Quarterly,OK,
10_country_producers,IDGDPY Index,Indonesia_GDP_YoY,OK,
10_country_producers,WGDPKAZA Index,Kazakhstan_GDP,OK,
10_country_producers,CLPCTOTL Index,Chile_Copper_MineProduction_t,OK,
10_country_producers,PRMMCOPP Index,Peru_Copper_MineProduction_t,OK,
10_country_producers,USDCLP Curncy,Chile_USDCLP,OK,
10_country_producers,USDPEN Curncy,Peru_USDPEN,OK,
10_country_producers,AUDUSD Curncy,Australia_AUDUSD,OK,
10_country_producers,USDCNY Curncy,China_USDCNY,OK,
10_country_producers,USDRUB Curncy,Russia_USDRUB,OK,
10_country_producers,USDZMW Curncy,Zambia_USDZMW,OK,
10_country_producers,USDMXN Curncy,Mexico_USDMXN,OK,
10_country_producers,USDIDR Curncy,Indonesia_USDIDR,OK,
10_country_producers,USDKZT Curncy,Kazakhstan_USDKZT,OK,
10_country_producers,USDCDF Curncy,DRC_USDCDF,OK,
